phase,run,ue,t,rsrp_dbm,sinr_db,throughput_mbps,delay_ms,handover_flag
stable,0,0,0.1,-41.61055135181557,40.0,831.0671408492556,6.664143066201515,0
stable,0,0,0.2,-46.13194759942039,40.0,749.1134101110104,6.750207878012303,0
stable,0,0,0.30000000000000004,-54.644120871206646,32.32105416638078,593.2560992610124,8.004538798216972,0
stable,0,0,0.4,-38.38698053560925,40.0,891.865595433219,7.152286265163669,0
stable,0,0,0.5,-46.97304288248149,39.982042205215166,733.8245213565555,6.809691596120335,0
stable,0,0,0.6,-55.508253764827366,31.45349432509346,577.3435285035932,5.226757523401174,0
stable,1,0,0.1,-47.846503539737974,38.90891408139004,714.1309437096492,5.522339010159493,0
stable,1,0,0.2,-45.72442746314052,40.0,742.8082674493206,8.68382855213611,0
stable,1,0,0.30000000000000004,-60.23425607668848,26.639195499137237,489.0991732940483,9.350509864130235,0
stable,1,0,0.4,-72.91074204340232,14.008203883383697,260.2076811299564,5.914686075600345,0
stable,1,0,0.5,-67.76814360550392,19.086222833035375,351.27963410681764,7.410593311715201,0
stable,1,0,0.6,-62.086693955682875,24.73831398557339,454.30569196675503,7.233639211369997,0
drift,2,0,0.1,-50.68313978958101,35.80917436624452,657.2500692496839,7.175181664525503,0
drift,2,0,0.2,-50.63911156205874,35.468737513138684,651.0035149902293,6.349280900243846,0
drift,2,0,0.30000000000000004,-52.93441449318403,31.858145495598123,584.7652847021649,6.241219200492344,0
drift,2,0,0.4,-51.54870895284114,33.07555199106779,607.096445361488,7.1065420083312585,0
drift,2,0,0.5,-31.0,40.0,1000.0,7.416049703691671,0
drift,2,0,0.6,-50.47436910335716,35.97064121035435,660.2128122750545,7.9440692619247,0
drift,3,0,0.1,-39.527814314035574,40.0,821.6879169524187,6.524834099267294,0
drift,3,0,0.2,-33.52432510566903,40.0,924.9731736467769,7.838694778821576,0
drift,3,0,0.30000000000000004,-46.801629372775565,36.50063444519653,669.9378088189588,7.471413607207756,0
drift,3,0,0.4,-51.98302204403833,33.761754713748324,619.6850364407783,6.326567279861343,0
drift,3,0,0.5,-48.46766750697407,36.1982439037761,664.3891241095876,7.6918631386604455,0
drift,3,0,0.6,-43.39619314640165,39.840349877253544,731.2242149896681,7.234385340585415,0
stable,4,0,0.1,-56.42667344848934,30.464989315657327,559.2154176368706,6.187958138560266,0
stable,4,0,0.2,-39.649045835036596,40.0,868.6061055460905,6.623321194485278,0
stable,4,0,0.30000000000000004,-42.51344096616619,40.0,815.5751852157308,7.619078918650255,0
stable,4,0,0.4,-64.16696579608147,22.778222725449698,418.4829058585343,6.664470390815003,0
stable,4,0,0.5,-74.91018044751003,12.039257443077897,225.79876963756647,7.305479598315825,0
stable,4,0,0.6,-49.97715823358682,36.97537531336493,678.6491906951302,6.94587132509792,0
stable,5,0,0.1,-45.69164054973349,40.0,756.7141678584319,6.878066636027223,0
stable,5,0,0.2,-47.708476081595265,38.9002125540329,713.9712594480833,6.61583839272685,0
stable,5,0,0.30000000000000004,-59.71145100005193,26.9470251076857,494.7371704205349,5.675487447208994,0
stable,5,0,0.4,-31.0,40.0,1000.0,6.539912449847122,0
stable,5,0,0.5,-51.788242104088276,35.10176091145647,644.2701483961389,8.27979332061637,0
stable,5,0,0.6,-49.964141624004434,36.80286696010745,675.4836802652806,6.811915737804506,0
drift,6,0,0.1,-51.346149589903646,34.4910933289436,633.0658838485743,6.957824046264236,0
drift,6,0,0.2,-55.481992478879675,31.10099796550709,570.8787516335976,8.372557889336218,0
drift,6,0,0.30000000000000004,-39.171125972834716,40.0,870.8592612373582,7.5076201168358985,0
drift,6,0,0.4,-54.98109194034707,31.24817269920216,573.5778859674458,6.77034670352943,0
drift,6,0,0.5,-42.058640843211194,40.0,812.7150191590542,7.082387524357467,0
drift,6,0,0.6,-49.5650083833067,36.8080056570233,675.5779744477261,7.735392819901698,0
drift,7,0,0.1,-49.673738398406336,35.31237731221118,648.134563422894,7.310188173551515,0
drift,7,0,0.2,-37.04373908565442,40.0,850.528579671269,7.532834378771199,0
drift,7,0,0.30000000000000004,-46.70997887754184,37.8685729035182,695.039656326442,6.1300265135241805,0
drift,7,0,0.4,-40.140775679246566,40.0,824.1504466609243,6.631252650311904,0
drift,7,0,0.5,-39.821552549079,40.0,748.1923462684423,7.519386394767988,0
drift,7,0,0.6,-45.81497874600641,38.77268708995033,711.6310073047032,6.432018380951181,0
stable,8,0,0.1,-53.05608734188599,33.91077903981081,622.4190468660881,7.275455577608038,0
stable,8,0,0.2,-48.788062186513514,38.123724801173,699.7218827999136,6.452605328352005,0
stable,8,0,0.30000000000000004,-51.883250893109775,35.0398788428241,643.1347396418932,8.711065022366874,0
stable,8,0,0.4,-34.8414933723288,40.0,955.9858591040123,8.67003755916695,0
stable,8,0,0.5,-41.494094115584154,40.0,833.4062872850881,7.178335555064401,0
stable,8,0,0.6,-51.88129767865797,35.01098365195474,642.6045740178063,8.30454433048865,0
stable,9,0,0.1,-41.3404450986024,40.0,837.1034706640008,7.842925897236056,0
stable,9,0,0.2,-58.964242332260305,27.94567712958797,513.0330708380837,7.120749427600227,0
stable,9,0,0.30000000000000004,-43.06069282763426,40.0,803.7082806377583,7.056915888863959,0
stable,9,0,0.4,-55.23730489431706,31.602221709416618,580.0713004053755,9.496693240822246,0
stable,9,0,0.5,-45.32172961013078,40.0,753.6010461527881,9.747684235708041,0
stable,9,0,0.6,-31.0,40.0,1000.0,6.296522340332401,0
drift,10,0,0.1,-55.06530963956062,30.56787166825998,561.1020094913919,7.1066346380874625,0
drift,10,0,0.2,-31.467004211595384,40.0,1000.0,8.00551931134413,0
drift,10,0,0.30000000000000004,-37.723385460834464,40.0,891.6804505544401,6.726593707888943,0
drift,10,0,0.4,-32.204105087206756,40.0,989.5606601209977,7.378808192435881,0
drift,10,0,0.5,-37.93491333041831,40.0,892.1737256646828,7.489282695059964,0
drift,10,0,0.6,-45.470598415364066,39.88440907221409,732.0327786933271,6.2706182852132955,0
drift,11,0,0.1,-52.72560847153428,33.81923308448887,620.7395339423201,8.389952863023037,0
drift,11,0,0.2,-44.06045537065881,39.56912648054404,726.2468077995636,6.688847489297808,0
drift,11,0,0.30000000000000004,-51.895986144511845,31.36840337081921,575.7829264065422,6.476357376983847,0
drift,11,0,0.4,-46.374826622339285,38.55342854537174,707.6073595906213,7.851801661194155,0
drift,11,0,0.5,-38.25954533124954,40.0,869.9872371089823,7.077957037468378,0
drift,11,0,0.6,-68.93958602955958,15.831499025320612,292.620530312511,7.683199434777989,0
stable,12,0,0.1,-50.32930873514477,36.65389354349118,672.7500545720891,8.51293361261937,0
stable,12,0,0.2,-46.71120788433442,40.0,739.1903033089283,5.750010436351123,0
stable,12,0,0.30000000000000004,-50.47301578993713,36.44522090141497,668.9209969409798,6.967459440680675,0
stable,12,0,0.4,-36.346623113084924,40.0,928.0270519971779,7.462178449564108,0
stable,12,0,0.5,-39.35826392603899,40.0,871.5461725767628,7.247107473833459,0
stable,12,0,0.6,-31.0,40.0,1000.0,7.753341397970784,0
stable,13,0,0.1,-35.11448368814452,40.0,949.4835543699251,7.534883362333526,0
stable,13,0,0.2,-31.0,40.0,1000.0,7.445558333108343,0
stable,13,0,0.30000000000000004,-51.909921533245736,33.4660305576716,614.2597790808379,6.04581144826567,0
stable,13,0,0.4,-44.5733418845232,40.0,770.5920384128553,5.739143204760812,0
stable,13,0,0.5,-42.811192241850485,40.0,805.4987896587261,6.680873715471499,0
stable,13,0,0.6,-52.01459025737718,34.717710221197606,637.2236912225903,8.06909844908861,0
drift,14,0,0.1,-36.45046809170775,40.0,923.4304412980076,10.466322911085927,0
drift,14,0,0.2,-50.502423206285734,36.02184099334839,661.1522791225781,6.950189832710085,0
drift,14,0,0.30000000000000004,-42.063305263998785,40.0,821.1578573042214,8.57131708753271,0
drift,14,0,0.4,-54.37667421653546,31.72567714004269,582.3356148291529,8.609139072327999,0
drift,14,0,0.5,-31.0,40.0,1000.0,8.089307671849841,0
drift,14,0,0.6,-51.299621927583985,35.03659120477203,643.0744183828596,7.456144423907577,0
drift,15,0,0.1,-45.200834449190026,38.67999388543106,709.9299764986207,6.379653957437556,0
drift,15,0,0.2,-61.09319638624976,23.523810649920325,432.10116707348607,7.648073168324884,0
drift,15,0,0.30000000000000004,-31.0,40.0,1000.0,6.906020388892132,0
drift,15,0,0.4,-52.2032852940587,29.397920514289964,539.6507332804298,5.365858020275613,0
drift,15,0,0.5,-31.0,40.0,1000.0,8.98452619437083,0
drift,15,0,0.6,-50.0736477514511,35.839711104747614,657.8103833926968,7.233477920785114,0
stable,16,0,0.1,-39.515801804434375,40.0,870.7618429940092,8.697689646429648,0
stable,16,0,0.2,-44.90838579967682,40.0,772.2947597293117,7.860934003069789,0
stable,16,0,0.30000000000000004,-35.69261563719252,40.0,940.1058534856694,8.40687961918096,0
stable,16,0,0.4,-50.21654562571864,36.76525063804989,674.7934280983675,6.8129212615565455,0
stable,16,0,0.5,-31.0,40.0,1000.0,7.5622189862659335,0
stable,16,0,0.6,-37.80533553113698,40.0,902.1650160145655,6.842415486201595,0
stable,17,0,0.1,-31.0,40.0,1000.0,6.8189180479242015,0
stable,17,0,0.2,-36.60876713937772,40.0,915.1366241162766,5.7443069366195845,0
stable,17,0,0.30000000000000004,-81.79006190334802,5.0230887703650655,113.99202804221221,31.254313903814786,0
stable,17,0,0.4,-36.18631610026128,40.0,925.3620459028821,7.390991931494072,0
stable,17,0,0.5,-44.06449149091767,40.0,782.1301587193057,8.40720755677428,0
stable,17,0,0.6,-39.819410503651376,40.0,862.8478643882422,8.079845933216545,0
drift,18,0,0.1,-33.656537855190436,40.0,962.3384317747536,9.366033083944536,0
drift,18,0,0.2,-40.05521741970078,40.0,843.5399411271939,7.084722458411817,0
drift,18,0,0.30000000000000004,-44.6547575271101,40.0,766.9116129935479,7.430476525680696,0
drift,18,0,0.4,-34.40058406967327,40.0,953.7970303076698,6.745394136506609,0
drift,18,0,0.5,-46.57862466215488,39.531019810643585,725.5474887793798,8.516080736850311,0
drift,18,0,0.6,-36.62315798938661,40.0,915.9230370679388,8.3317208509466,0
drift,19,0,0.1,-65.89089817798666,17.57149441005016,323.88335543046327,6.918607691269564,0
drift,19,0,0.2,-33.335196518892076,40.0,915.5304398772477,6.481027765422824,0
drift,19,0,0.30000000000000004,-46.268048634384265,36.83618525586401,676.0950655311824,7.744667044327005,0
drift,19,0,0.4,-42.44402181532525,40.0,766.8281237958851,6.557529461082165,0
drift,19,0,0.5,-43.87570674562559,40.0,770.3667383029546,7.254583607517371,0
drift,19,0,0.6,-57.10819910818178,25.413529198707884,466.65992856627344,6.40618600205604,0
stable,20,0,0.1,-50.23849293698244,36.718743433659974,673.9400317177447,8.22784587520925,0
stable,20,0,0.2,-52.47210896039015,34.500995996430476,633.2475694454382,10.333400446233135,0
stable,20,0,0.30000000000000004,-59.774729574070136,27.14453605269693,498.3550741293758,10.43558967662533,0
stable,20,0,0.4,-59.20082043381782,27.743839610309557,509.3346904999163,12.651433519712626,0
stable,20,0,0.5,-57.47047165459762,29.485980128299314,541.2651130856718,9.67914453794467,0
stable,20,0,0.6,-58.91062511981192,28.035705709709767,514.6828038253483,7.228109558577974,0
stable,21,0,0.1,-65.24785244159241,21.6120755849991,397.2085613229144,8.635825256143088,0
stable,21,0,0.2,-66.82937433147144,20.016330211541643,368.1629414555829,8.452457188452486,0
stable,21,0,0.30000000000000004,-84.9144983370532,1.970579709214452,75.36764168581571,43.879464605574526,0
stable,21,0,0.4,-62.86610328293275,23.970779680120096,440.2701963726304,10.037141496101423,0
stable,21,0,0.5,-64.26888331947686,22.64297601851895,416.013862522278,9.310680287519801,0
stable,21,0,0.6,-79.8884618885936,6.964409315280939,142.43255175566446,22.511949111458303,0
drift,22,0,0.1,-52.1206630016376,34.058677234810546,625.1324348988313,9.479428927979983,0
drift,22,0,0.2,-69.08750030679906,17.051621413139024,314.5158545123336,8.331902896362312,0
drift,22,0,0.30000000000000004,-51.278067834995575,34.409545743822854,631.5697247634538,9.043584458307059,0
drift,22,0,0.4,-74.47737500019328,12.051564547804826,226.01137500291543,18.651646302187288,0
drift,22,0,0.5,-67.71145850366305,17.737146740124036,326.87238011784916,7.298643176970735,0
drift,22,0,0.6,-74.43250274224458,10.55476984241351,200.44191944461036,9.062904354699478,0
drift,23,0,0.1,-77.30386647754236,8.665931496886547,169.21254256954566,10.009731851683075,0
drift,23,0,0.2,-42.31320241491977,40.0,790.7935302044707,7.8962175311650755,0
drift,23,0,0.30000000000000004,-73.48353487479606,11.460886938267826,215.84896613871584,11.08316849567578,0
drift,23,0,0.4,-82.07925902702284,2.956171916649975,86.90825765075706,44.87925260511825,0
drift,23,0,0.5,-55.99903086373159,30.45324766816284,559.0001092251148,8.533522837060655,0
drift,23,0,0.6,-56.234374540734194,26.350125904218203,483.80555802354405,6.923908317914437,0
stable,24,0,0.1,-52.74030123038166,34.19553123705675,627.6432349525753,7.090946665813373,0
stable,24,0,0.2,-58.91159455585731,28.002504202229282,514.0743949200396,9.777006403078309,0
stable,24,0,0.30000000000000004,-64.10264531674682,22.847065445848568,419.7398438460403,7.095189775759449,0
stable,24,0,0.4,-62.6838502400018,24.274827218077625,445.8290616968288,10.07986893522555,0
stable,24,0,0.5,-56.79149600364231,30.159279556911653,553.6097448870363,15.990463610564912,0
stable,24,0,0.6,-62.61254342354914,24.262032344260387,445.59510460122993,9.981134780511086,0
stable,25,0,0.1,-56.82434437659565,30.056245139049107,551.7205299203898,7.287563712897119,0
stable,25,0,0.2,-58.43192723690746,28.273193612733007,519.0349168547768,7.697650724900127,0
stable,25,0,0.30000000000000004,-64.90491146919373,22.01704816036168,404.59264708153074,7.964232667756769,0
stable,25,0,0.4,-69.55611931807117,17.26867156961066,318.4243487858277,7.590337669181524,0
stable,25,0,0.5,-42.795839455483645,40.0,799.7119026704115,11.122248171497317,0
stable,25,0,0.6,-59.320507988240614,27.5696959177533,506.143990802689,12.467890590651098,0
drift,26,0,0.1,-48.29852134815167,38.163303820050494,700.4481909968406,8.49356967035072,0
drift,26,0,0.2,-64.71369072852782,21.92993735833847,403.003931327813,9.196666402560485,0
drift,26,0,0.30000000000000004,-69.79193311084772,15.916848716933433,294.14752441554015,6.586426764923969,0
drift,26,0,0.4,-48.46298360060366,36.71128554401845,673.8031813583232,10.328651097584014,0
drift,26,0,0.5,-51.910564166200786,33.82350429395247,620.8178937320603,9.744171254279088,0
drift,26,0,0.6,-53.29922202747944,32.92287867856432,604.295736408965,10.500843116477736,0
drift,27,0,0.1,-61.903916305369165,24.09964137797546,442.62597608722,9.417902522885942,0
drift,27,0,0.2,-59.064659660249745,25.490086206216137,468.06103632282924,11.628935449623063,0
drift,27,0,0.30000000000000004,-55.72412943067647,28.575360946263114,524.5728294607478,12.739093074257656,0
drift,27,0,0.4,-68.34937526814466,17.376258935906847,320.3630549203897,8.34450176656022,0
drift,27,0,0.5,-61.57989709513119,23.408138132933303,429.98766904960706,9.202137261912581,0
drift,27,0,0.6,-48.48993880798361,33.88034483947747,621.8606958164628,8.324258218286362,0
stable,28,0,0.1,-64.83258236086654,22.11186682591927,406.32216398243713,7.785923589875221,0
stable,28,0,0.2,-49.64099718529916,37.29483650438715,684.5113363735189,7.584985630202327,0
stable,28,0,0.30000000000000004,-59.19915727548649,27.761405592555278,509.65655042391404,8.391833681619241,0
stable,28,0,0.4,-61.69306684705288,25.229029211820663,463.2835961812255,17.810708842494726,0
stable,28,0,0.5,-58.67232992664328,28.274281862262292,519.0548605309326,12.062789196097512,0
stable,28,0,0.6,-59.42698859482131,27.46488404528868,504.22371140183463,6.4515912735486225,0
stable,29,0,0.1,-53.44141684667213,33.36326893718935,612.3745868024554,9.381064278458714,0
stable,29,0,0.2,-48.6091534071698,38.05433902143879,698.4485980039165,7.9725605539053195,0
stable,29,0,0.30000000000000004,-62.53629946030177,24.310159370015924,446.4751312084862,13.286386900579112,0
stable,29,0,0.4,-63.42576478549742,23.332916742287058,428.61340621349933,7.669437393325922,0
stable,29,0,0.5,-52.0869753059207,34.65923126897313,636.1507533696823,7.29439728462089,0
stable,29,0,0.6,-69.73481283438626,17.112882781790372,315.61863369358224,9.318505845610915,0
drift,30,0,0.1,-52.83792652709158,32.8305211402973,602.6015118181854,7.890734174581065,0
drift,30,0,0.2,-43.63514808226132,40.0,790.1446620274376,13.426352824358961,0
drift,30,0,0.30000000000000004,-46.99918975632556,39.72412085434871,729.0912121417892,9.50389630314377,0
drift,30,0,0.4,-32.067258086153984,40.0,989.9056151485174,14.23302910051019,0
drift,30,0,0.5,-61.553119513589166,24.365155781891502,447.4808120287103,10.783550389398329,0
drift,30,0,0.6,-54.154640379505096,32.15415555769246,590.1947290237255,10.550728082497185,0
drift,31,0,0.1,-51.19569575988188,34.458384129183905,632.4657647282459,7.3780445429449415,0
drift,31,0,0.2,-57.20056555561745,26.010849949612936,477.5935773674522,9.566524532054084,0
drift,31,0,0.30000000000000004,-31.0,40.0,926.7832674516507,7.4374655095668,0
drift,31,0,0.4,-37.46355239292484,40.0,885.220955734868,9.957335263804595,0
drift,31,0,0.5,-49.04169737177554,36.32133814858582,666.6478186985829,8.950719063036338,0
drift,31,0,0.6,-71.03197100389471,11.66336433773801,219.32271706091888,18.919545412099076,0
stable,32,0,0.1,-55.87162207427489,31.102814041050294,570.9120574112685,14.085721454131274,0
stable,32,0,0.2,-54.66126368424444,32.273202871219404,592.3783703967428,8.678650509345625,0
stable,32,0,0.30000000000000004,-55.192110915117574,31.739540155195492,582.5898811756603,10.018372539718868,0
stable,32,0,0.4,-53.80298183589527,33.1683729614184,608.799219425226,7.13323851548804,0
stable,32,0,0.5,-60.584837245108034,26.216998499698505,481.3679201469753,10.5533477465491,0
stable,32,0,0.6,-59.615020600867744,27.323449284174774,501.6325885270369,7.225620768224913,0
stable,33,0,0.1,-38.51116136165891,40.0,885.4202097114812,13.21569198820092,0
stable,33,0,0.2,-40.93662314534691,40.0,835.9912549857881,8.78849974236467,0
stable,33,0,0.30000000000000004,-44.214921051414024,40.0,782.259164295341,13.76620138087618,0
stable,33,0,0.4,-42.67371182240043,40.0,810.1270322966816,7.004508203456708,0
stable,33,0,0.5,-53.722760556811494,33.11069447353429,607.7411220303427,8.557015946915406,0
stable,33,0,0.6,-43.54236805487797,40.0,791.6533486234473,9.412882284375756,0
drift,34,0,0.1,-57.86139980028549,28.64499387388353,525.8490904068312,10.698741543643234,0
drift,34,0,0.2,-49.661033517551466,35.82090342009008,657.4652838192152,7.167321916178618,0
drift,34,0,0.30000000000000004,-52.871717733494194,33.11303790632503,607.7841115840445,8.100737482916992,0
drift,34,0,0.4,-51.89733222435415,34.05550494599502,625.0742346789038,10.898315663533781,0
drift,34,0,0.5,-61.12979957896542,25.005388608730197,459.1915711575969,7.965089065353701,0
drift,34,0,0.6,-62.736613092570515,23.66760275447293,434.7287955462693,10.033924735532828,0
drift,35,0,0.1,-58.96673405049464,25.93997724215273,476.29608200745844,9.21400926479538,0
drift,35,0,0.2,-48.00735805720281,37.46721221287858,687.6744821089677,8.714467960605345,0
drift,35,0,0.30000000000000004,-46.33016966378831,38.14543746135142,700.1203282020343,16.468522664845384,0
drift,35,0,0.4,-45.60041050643613,39.67426491222852,728.1762715502856,10.849395993577748,0
drift,35,0,0.5,-52.05377421500369,31.460057415073738,577.4638991096534,15.111472415655431,0
drift,35,0,0.6,-45.079367855120516,40.0,744.2260844100193,10.075485507031363,0
stable,36,0,0.1,-52.306339152705945,34.63808176790023,635.7627158197545,13.569132681624815,0
stable,36,0,0.2,-72.89729517234511,14.046344791921381,260.8810659388892,7.185478645227869,0
stable,36,0,0.30000000000000004,-43.550383907531206,40.0,796.8025816102019,7.67442912425766,0
stable,36,0,0.4,-46.31478777817812,40.0,745.8036703803235,13.650586868355457,0
stable,36,0,0.5,-31.73734569270121,40.0,1000.0,15.131569698883364,0
stable,36,0,0.6,-50.28664667957263,36.61443086288795,672.025927417751,9.842084203730082,0
stable,37,0,0.1,-50.985125280285416,35.89157554966059,658.7620388459965,12.424017299489616,0
stable,37,0,0.2,-76.71464609265507,9.504389124740593,182.90851393677914,7.259525982352487,0
stable,37,0,0.30000000000000004,-54.510343935370265,32.27413513157758,592.3954706489948,9.845694069353174,0
stable,37,0,0.4,-40.6556954318165,40.0,845.3768891957692,8.541237683018014,0
stable,37,0,0.5,-50.88022535101572,36.01227614475891,660.9767731255074,8.954603307840921,0
stable,37,0,0.6,-52.43416816171844,34.15036359948392,626.8145608413446,12.135591919400067,0
drift,38,0,0.1,-55.055065433915836,31.02490475318998,569.4832557841153,8.275619060997826,0
drift,38,0,0.2,-49.49777949286686,37.09510847145902,680.8462966472805,6.8058553558029296,0
drift,38,0,0.30000000000000004,-78.6799279687572,7.3752625551991,148.7590174762737,27.683845047833838,0
drift,38,0,0.4,-55.225958141499625,31.326981145328595,575.0232342838627,7.7716281716938775,0
drift,38,0,0.5,-40.75989513369663,40.0,821.4932359369699,8.812566049267776,0
drift,38,0,0.6,-53.578869214479695,31.89619430394249,585.4631663504938,11.666468626195526,0
drift,39,0,0.1,-45.16620784528157,36.463300610356825,669.2527505834724,9.10178262009531,0
drift,39,0,0.2,-61.51241953953381,23.17860858936701,425.79460814945264,7.784583461405862,0
drift,39,0,0.30000000000000004,-56.84868431160828,23.662864778667647,434.642208714122,7.915539832511471,0
drift,39,0,0.4,-60.267505766528245,20.653029791527384,379.74141302541665,9.67766970453703,0
drift,39,0,0.5,-60.56596484440038,25.596154989331534,470.00236843808875,13.171388068710584,0
drift,39,0,0.6,-36.85740929792085,40.0,889.7459738984895,7.028545291470476,0
stable,40,0,0.1,-72.29377080768171,14.636760574736156,271.33246811417,13.325269611097507,0
stable,40,0,0.2,-85.55634476187177,1.3780177730765661,68.8947811999706,41.96271993972449,0
stable,40,0,0.30000000000000004,-73.18161533828119,13.767385272545038,255.96127742568416,17.590437062872496,0
stable,40,0,0.4,-68.07940937846335,18.881199084652344,347.5636608044403,12.689996917893708,0
stable,40,0,0.5,-78.40769092188226,8.541222006547278,167.20110255139969,18.440145533031476,0
stable,40,0,0.6,-73.0806994278355,13.896980144173554,258.24530241806843,11.223181187165203,0
stable,41,0,0.1,-64.26623976186548,21.980731585179978,403.9302855715455,12.663511016287075,0
stable,41,0,0.2,-77.11320793353758,9.60972317833652,184.6490340901661,23.296527425360708,0
stable,41,0,0.30000000000000004,-84.49030965332567,2.414658206212675,80.45008793273539,45.55028609398312,0
stable,41,0,0.4,-75.53991704999127,11.32663338490681,213.55159770643306,9.577928908199054,0
stable,41,0,0.5,-78.00884305644016,8.631125848800632,168.6504589237746,28.120918116285242,0
stable,41,0,0.6,-77.56834085830629,9.246937039055377,178.67247949783922,16.999595467967968,0
drift,42,0,0.1,-67.015904267127,19.383380638585308,356.66927249898924,13.38813643367988,0
drift,42,0,0.2,-76.28907608829532,9.8139858704341,188.03603887390832,19.87690328142641,0
drift,42,0,0.30000000000000004,-81.4501217231274,5.143834217255838,115.68344655595135,43.21089645125931,0
drift,42,0,0.4,-73.73157780825841,12.964984878556125,241.88364243348218,14.120095465318954,0
drift,42,0,0.5,-71.0264481252154,15.283830275907363,282.84096876186817,11.016982159041131,0
drift,42,0,0.6,-73.5930411509214,11.555878642897877,217.47735042838792,10.371686423726453,0
drift,43,0,0.1,-80.46927300822907,3.5712582724412374,94.57850812895924,34.72703160502005,0
drift,43,0,0.2,-65.32468024879559,20.200484376788815,371.5101933240403,9.616573099121844,0
drift,43,0,0.30000000000000004,-62.83055904276803,19.228306494128717,353.8561046162974,11.043552171962526,0
drift,43,0,0.4,-56.13149913436757,28.815568715137466,528.9755733332046,13.645791859863115,0
drift,43,0,0.5,-82.46660159829027,2.6484138620663082,83.20327581742623,46.0662093750944,0
drift,43,0,0.6,-98.73091372526558,-12.997852141168192,3.8999044123290454,45.810879047613014,0
stable,44,0,0.1,-64.78615900909185,22.150092397683935,407.0194738216918,11.53970032866148,0
stable,44,0,0.2,-84.54409172766222,2.381444063075027,80.06321137550653,43.64355612850669,0
stable,44,0,0.30000000000000004,-72.31450218046525,14.648022521333282,271.5323042205834,22.491316562953987,0
stable,44,0,0.4,-70.63590022379819,16.30293358216592,301.0641422449122,14.598835547604635,0
stable,44,0,0.5,-91.2876409827501,-4.330787373482401,25.029816121361897,47.31145758723796,0
stable,44,0,0.6,-69.5326396132391,17.428267895842254,321.3005583422589,8.857655798090935,0
stable,45,0,0.1,-55.46747154242135,31.12809537207907,571.3757035553596,24.581404984969296,0
stable,45,0,0.2,-82.33608986854202,4.451696960718961,106.14273260451981,49.035679406428535,0
stable,45,0,0.30000000000000004,-62.02841917220332,24.664580315794534,452.9569783666962,13.701115865704919,0
stable,45,0,0.4,-78.85814097263703,7.993251111889999,158.44883430477438,16.939107822508877,0
stable,45,0,0.5,-85.0476608521075,1.7296814235990228,72.69309853077719,44.94310259752924,0
stable,45,0,0.6,-74.07949326791338,12.709048965269012,237.41865114868597,12.989539929309096,0
drift,46,0,0.1,-70.67725561445073,15.971968558384397,295.1340744224793,14.305230800555046,0
drift,46,0,0.2,-59.808345371698145,26.511143358878194,486.7541088263379,9.369497146751605,0
drift,46,0,0.30000000000000004,-59.242951913304196,27.314028266975697,501.45999844321176,11.733672156314585,0
drift,46,0,0.4,-59.60099504719411,26.983432317922137,495.40403444549855,9.599313006053526,0
drift,46,0,0.5,-70.44123532978506,15.586771271034277,288.2463811936481,14.330631433234032,0
drift,46,0,0.6,-72.02334512061752,14.76174868498596,273.5512587314614,10.43683862959068,0
drift,47,0,0.1,-68.83655478423333,14.563418496549032,270.03148261268905,9.044258492885886,0
drift,47,0,0.2,-71.744975425866,13.60899866575396,253.1735530928194,19.045074390437772,0
drift,47,0,0.30000000000000004,-72.83764763148594,9.878408353863753,189.1074250771516,8.550265488852748,0
drift,47,0,0.4,-67.450327017644,17.76284395043077,327.33623063141056,10.180014670027736,0
drift,47,0,0.5,-65.0581474310634,19.332869231820016,355.752827877844,8.728532324012399,0
drift,47,0,0.6,-80.34765390717246,4.655745790904382,108.9158781115619,41.92830016327656,0
stable,48,0,0.1,-74.93698295469521,11.991244432441388,224.9696841284307,9.595697382606843,0
stable,48,0,0.2,-65.46838325912233,21.46663321904706,394.5577604512652,11.225678108003816,0
stable,48,0,0.30000000000000004,-81.66084043751204,5.32220261758394,118.20223031167761,8.757446950370483,0
stable,48,0,0.4,-50.29295698737759,36.689114371203274,673.3963463278611,11.606885491655017,0
stable,48,0,0.5,-61.03284599367186,25.920481478355203,475.93917455987724,26.426651282324485,0
stable,48,0,0.6,-77.7674020499474,9.208901418617558,178.0488798541488,28.0549580801974,0
stable,49,0,0.1,-52.113620113764725,34.44042889286135,632.1363388106308,16.05072864812422,0
stable,49,0,0.2,-72.42101241163203,14.47496664830339,268.4634592426362,15.589473718280658,0
stable,49,0,0.30000000000000004,-64.64755300925906,22.206756446644587,408.0532061792927,8.936449441955036,0
stable,49,0,0.4,-80.36257372708063,6.247243424759567,131.63150180201242,52.55079396743197,1
stable,49,0,0.5,-63.80719742878318,22.959104728201645,421.78568874037006,10.046351386132324,0
stable,49,0,0.6,-54.68092791116257,32.173773787637366,590.5545765668111,11.984335107128622,0
drift,50,0,0.1,-66.6933403974038,18.783863890546336,345.80027736879975,16.280920469714133,0
drift,50,0,0.2,-55.510400896128814,30.767728869480457,564.7669762736192,9.725422954669426,0
drift,50,0,0.30000000000000004,-75.54873734293898,10.260003700802764,195.48340923082998,10.999867067779114,0
drift,50,0,0.4,-62.112032190956505,21.687916813185065,398.59106962513056,8.709340044090661,0
drift,50,0,0.5,-54.14314378229956,32.19113585713244,590.8730412899926,9.630041096243154,0
drift,50,0,0.6,-80.53804683738122,5.848126977021851,125.76425750638697,40.076451485081314,0
drift,51,0,0.1,-71.82541481433876,11.491912156729015,216.380553580551,15.418274687397865,0
drift,51,0,0.2,-63.17025633679498,19.080144967814302,351.1694439734147,10.809003777604426,0
drift,51,0,0.30000000000000004,-74.14424125845201,11.03434616648023,208.56694799304256,12.81783367021723,0
drift,51,0,0.4,-67.14941278243417,16.101048345718596,297.44558161043835,9.137315575709803,0
drift,51,0,0.5,-64.62101034286351,20.193667609482418,371.3862650472672,10.52433694688837,0
drift,51,0,0.6,-61.72749101645963,22.8771069930068,420.2883780771887,8.822373649553958,0
stable,52,0,0.1,-67.43764120040134,19.54577280935131,359.61642173046766,17.63979431383216,0
stable,52,0,0.2,-60.35483133855954,26.564575230026513,487.7326072483313,10.449317866163899,0
stable,52,0,0.30000000000000004,-66.70122725201635,20.25523765169813,372.5056699208536,13.386591043428576,0
stable,52,0,0.4,-67.39711851075636,19.49423516988506,358.6809656094437,16.041241166868513,0
stable,52,0,0.5,-45.91409808488141,40.0,751.3430431507253,11.790747389733463,0
stable,52,0,0.6,-72.08321580128111,14.886567752263977,275.7691096322005,10.666906779277678,0
stable,53,0,0.1,-69.0156042838779,17.747017520911,327.0505484446642,12.489059717009033,0
stable,53,0,0.2,-80.90406476941811,5.998469918175533,127.96175998883389,43.2806048160467,0
stable,53,0,0.30000000000000004,-83.78789684839663,2.8382000257728235,85.47737163336193,44.597866910480576,0
stable,53,0,0.4,-54.82707755570297,31.935583419274213,586.1856357308731,9.346574789891235,0
stable,53,0,0.5,-70.22901327300937,16.66983811376834,307.6502314434965,11.579095224777918,0
stable,53,0,0.6,-66.48545399994262,20.34201573528768,374.0836334209177,12.487994693833809,0
drift,54,0,0.1,-61.94773067095816,23.408147903472205,429.9878475602623,16.701810393777663,0
drift,54,0,0.2,-59.749621573929446,27.0154906086546,495.9912493847499,17.907792101693367,0
drift,54,0,0.30000000000000004,-55.65135934789167,30.66890358219876,562.9547073029105,10.967907343062057,0
drift,54,0,0.4,-48.128351948281434,37.96511514911272,696.8112729590547,12.78068424018386,0
drift,54,0,0.5,-59.89792679009296,25.697924432062166,471.8651341196118,12.422022584706351,0
drift,54,0,0.6,-72.30166762863179,13.857826254469888,257.55495568636474,27.3031526079656,0
drift,55,0,0.1,-52.432781273673264,32.92697006254154,604.370789977841,9.644240741286906,0
drift,55,0,0.2,-74.15155469965704,11.743779092089142,220.70522799915614,9.992938811239195,0
drift,55,0,0.30000000000000004,-80.62027922818048,2.391892802665921,80.18480117318299,27.983781403945034,0
drift,55,0,0.4,-64.89140521711111,20.01467964033398,368.1329463271676,14.58579609310804,0
drift,55,0,0.5,-62.93735196726776,22.073906493159935,405.6297297448211,15.678066282568725,0
drift,55,0,0.6,-66.03571135338393,20.553780774090967,377.93554746600904,11.247555725587004,0
stable,56,0,0.1,-65.79416097710099,21.121973634650647,388.27861919648825,14.111696392484841,0
stable,56,0,0.2,-66.81240710514265,20.16264239581703,370.8222525004683,10.595685626359089,0
stable,56,0,0.30000000000000004,-70.60123385790536,16.312037262622987,301.2274073179745,10.554253779700051,0
stable,56,0,0.4,-74.92867039290726,12.031887879863314,225.6714773193232,13.164589430460857,0
stable,56,0,0.5,-71.53493874140445,15.372375275678735,284.41979815864175,14.970131637399144,0
stable,56,0,0.6,-69.40275345419226,17.568200637362978,323.82394234484667,11.361865928477172,0
stable,57,0,0.1,-65.49853267376484,21.252356697967194,390.6535549422279,9.786364126140226,0
stable,57,0,0.2,-75.0491728284724,11.884153020415237,223.12240753345318,13.952472529227755,0
stable,57,0,0.30000000000000004,-51.42137961550254,35.40573184363001,649.8474613785072,12.441442077936216,0
stable,57,0,0.4,-66.93866930043433,19.852723632791623,365.19034240113444,13.993648845748186,0
stable,57,0,0.5,-56.52576872332803,30.131081105190518,553.0927003436254,18.888313085805343,0
stable,57,0,0.6,-63.620066832813336,23.278194619679372,427.6137252906711,12.019427555300286,0
drift,58,0,0.1,-74.72828365412289,11.382719606165484,214.51076949880215,9.028625769838166,0
drift,58,0,0.2,-65.6378976300915,20.859560379579364,383.50041851105715,14.825791785649995,0
drift,58,0,0.30000000000000004,-75.24090613166234,10.830738855431267,205.1090056950781,23.310828937751012,0
drift,58,0,0.4,-68.95515750865488,15.78761476768274,291.83569194632497,11.670902394337979,0
drift,58,0,0.5,-56.22005700738106,30.62211403623992,562.0966877426694,15.12083508060761,0
drift,58,0,0.6,-51.76183290744276,34.084190526387246,625.6005136864873,12.376876692661412,0
drift,59,0,0.1,-65.2527895530243,17.79019963210596,327.83006722614954,12.281769375293456,0
drift,59,0,0.2,-50.1669509985053,35.03620503799627,643.0673330338478,18.645734357974966,0
drift,59,0,0.30000000000000004,-75.97604981949016,7.7772845650421605,155.03985139524838,27.630832245257043,0
drift,59,0,0.4,-62.992728768780296,22.48373871116623,413.1073847905732,9.77856492243816,0
drift,59,0,0.5,-66.91696319709526,16.829430472930298,310.5187010155248,13.267188241480318,0
drift,59,0,0.6,-54.227656952410356,31.385354739412648,576.0938195143826,12.444528493149528,0
stable,60,0,0.1,-81.94171597158687,4.946044305399021,112.91862974982743,47.41779121304212,0
stable,60,0,0.2,-74.65622141005012,12.328231523996271,230.7999680576809,21.977340583633037,0
stable,60,0,0.30000000000000004,-93.60810529899325,-6.680465926378685,15.507090207477217,50.87700213795545,1
stable,60,0,0.4,-81.13170803771979,5.811780623795978,125.23533417580471,31.705752831133697,0
stable,60,0,0.5,-93.16951727087589,-6.27729950015768,16.866267288894473,45.88478037569652,0
stable,60,0,0.6,-89.18375541853986,-2.246024506769598,37.274321322179844,54.34291126330354,1
stable,61,0,0.1,-82.72101491304495,3.549468018264548,94.30087834536609,50.30666408594195,1
stable,61,0,0.2,-86.04594473209625,0.320679739465064,58.24713388966741,45.53267472553424,0
stable,61,0,0.30000000000000004,-78.75910539497409,8.10889720087243,160.28391578400146,15.287125044717136,0
stable,61,0,0.4,-85.04362096751456,1.5626080089706709,70.87276110447135,46.84112248587991,0
stable,61,0,0.5,-100.42688590338015,-13.670194062821446,3.3521489533351216,48.416525286927815,1
stable,61,0,0.6,-82.49208554364363,4.354742085378605,104.8369945907831,52.26255077651214,1
drift,62,0,0.1,-87.75203631992667,-2.0428943271416315,38.68733421896767,46.41405931881975,0
drift,62,0,0.2,-77.98823525650444,7.924626291281985,157.36304089247423,22.632885911851982,0
drift,62,0,0.30000000000000004,-91.85290901958693,-5.161611432171496,21.198985783495505,47.019493391842026,0
drift,62,0,0.4,-75.6325059612212,10.244958467341776,195.23108188330042,18.398450745305734,0
drift,62,0,0.5,-77.85656848205387,8.228772796767226,162.19302731692366,33.3444418920683,0
drift,62,0,0.6,-81.01112417382159,5.647464394387339,122.85568905627854,15.129895221954994,0
drift,63,0,0.1,-95.84614869114645,-13.285023458214287,3.6560028782207974,46.58606378664188,0
drift,63,0,0.2,-68.66738637024034,14.754307544084412,273.419105129557,15.89401179321192,0
drift,63,0,0.30000000000000004,-73.14514419092632,10.322938197181784,196.53971264479318,35.96160412349762,0
drift,63,0,0.4,-82.3048065198104,2.2627160575828,78.68913707497059,48.115708869429,0
drift,63,0,0.5,-71.5353775057917,12.49738062472776,233.73600838757093,17.584545076050745,0
drift,63,0,0.6,-75.26922800342058,9.433225866530949,181.73502598953627,17.866962116549335,0
stable,64,0,0.1,-64.27194291917087,22.67472240505701,416.59338283148185,14.322020267315466,0
stable,64,0,0.2,-63.18557624347188,23.6987900905513,435.2987563154734,23.42047997963541,0
stable,64,0,0.30000000000000004,-61.069471347030586,25.905606252213914,475.6668576884077,16.973647882868644,0
stable,64,0,0.4,-99.53743265011084,-12.579116011818206,4.28421885053017,47.824971627941096,0
stable,64,0,0.5,-83.45552637902452,3.518535645230396,93.90750122210294,44.80771889448359,0
stable,64,0,0.6,-83.41324807749787,3.4844344460216807,93.47482371229886,53.07860861921929,1
stable,65,0,0.1,-64.53521257370583,21.75075735932307,399.73671203664446,11.193581439284916,0
stable,65,0,0.2,-75.04791142482524,11.780417966518737,221.33566725908912,27.74729782516336,0
stable,65,0,0.30000000000000004,-91.28134158610962,-5.62225597684875,19.303372631334955,47.99040068338725,0
stable,65,0,0.4,-93.18593624622817,-6.311432644851193,16.747172775287872,55.58051539598471,1
stable,65,0,0.5,-80.45865949269721,6.39719469036798,133.86315765827078,19.99409186220315,0
stable,65,0,0.6,-80.47753278070859,6.348255155773081,133.1332131275004,56.75169051091688,1
drift,66,0,0.1,-90.28439729775728,-3.4732024661319367,29.586589747869212,51.203067082327976,1
drift,66,0,0.2,-79.51518180629394,5.685027564296112,123.39800504238738,51.68114615494807,1
drift,66,0,0.30000000000000004,-77.22087891667651,9.15574915510784,177.17842111713924,24.367257819062566,0
drift,66,0,0.4,-73.53864546242625,12.101063555195648,226.86682712970295,15.688316412541283,0
drift,66,0,0.5,-77.75879976673077,8.503955556158234,166.60139828011458,30.019916515016675,0
drift,66,0,0.6,-93.30490580584421,-7.411073926917395,13.294685017462944,47.899918987365,0
drift,67,0,0.1,-84.02648522874877,1.1512054821204751,66.51246277402088,47.12908575485557,0
drift,67,0,0.2,-89.54335496410178,-5.880238389048236,18.308460420868776,61.54070297918299,1
drift,67,0,0.30000000000000004,-76.4426014521901,8.220899000948684,162.06741776748848,23.648006778168995,0
drift,67,0,0.4,-73.27192980299297,10.05056169954742,191.9776709348161,12.38522258087576,0
drift,67,0,0.5,-71.51882333738612,12.39143441431616,231.89629806302892,15.682922331085027,0
drift,67,0,0.6,-81.13181333998301,1.7017063440843674,72.38631599766359,55.42466479933124,1
stable,68,0,0.1,-84.00622821579593,2.9788825673376778,87.18522612008374,47.27405526282131,0
stable,68,0,0.2,-58.40148161621444,28.557130274539333,524.2386948762501,20.226287307601552,0
stable,68,0,0.30000000000000004,-57.3938903979516,29.553093477319038,542.4955138371452,13.896834288811535,0
stable,68,0,0.4,-74.82631681408395,12.007668184075065,225.25322734558517,38.511127148070926,0
stable,68,0,0.5,-63.66460794546529,23.268182764957427,427.43083194016214,21.906481095173383,0
stable,68,0,0.6,-72.30241372693685,14.682440368883253,272.1431334351586,15.800916751736771,0
stable,69,0,0.1,-74.67864753498257,12.063955361678921,226.2254621697855,24.509012463840882,0
stable,69,0,0.2,-73.36835504542036,13.485089943041535,250.99561518990495,21.911706511024164,0
stable,69,0,0.30000000000000004,-83.07181242483394,3.784569085823018,97.31864685563309,45.05793856151505,0
stable,69,0,0.4,-78.76832370014354,8.063371118878509,159.56071499243777,45.21403679911285,0
stable,69,0,0.5,-96.54622945161874,-9.886933802554816,7.787970606588782,49.70418487001613,0
stable,69,0,0.6,-91.45700507709935,-4.702678838982657,23.24714857277826,46.27746725007039,0
drift,70,0,0.1,-77.57889430136406,8.367340978934422,164.40842179204347,43.77952532040017,0
drift,70,0,0.2,-83.30754213146304,0.9667934358853859,64.6148389590529,64.2008511426852,1
drift,70,0,0.30000000000000004,-69.59639376836074,16.64985632099723,307.29123897709485,14.962714672630117,0
drift,70,0,0.4,-67.05752249761373,19.3037768673174,355.22505145990704,23.282773423430186,0
drift,70,0,0.5,-79.11583454159482,6.857292238791698,140.79921924431605,31.81424249495776,0
drift,70,0,0.6,-94.00110108198086,-7.462364890381602,13.150788686424955,49.458659471886726,0
drift,71,0,0.1,-81.75225370166424,2.723434106250073,84.09807429555656,47.979749824669064,0
drift,71,0,0.2,-72.32484836189764,12.28230345753894,230.0038429657632,13.59737845273284,0
drift,71,0,0.30000000000000004,-89.83026993764982,-4.834680792636327,22.641195372127335,46.793018151995454,0
drift,71,0,0.4,-84.86687423824802,-0.13145717996349066,54.05276880299148,45.45933626107043,0
drift,71,0,0.5,-61.84812210844569,20.099328773896424,369.67138313544166,19.627944863959094,0
drift,71,0,0.6,-93.02199048993486,-9.876235681399418,7.806267990473126,45.25235198892537,0
stable,72,0,0.1,-82.64380502921371,4.240567257412948,103.3093553306299,47.74177182040708,0
stable,72,0,0.2,-80.73325233651559,6.228375753774019,131.35173968597047,19.29781386068922,0
stable,72,0,0.30000000000000004,-79.51732601485244,7.444477867744737,149.83416864312352,37.36227158582004,0
stable,72,0,0.4,-63.67018239913891,23.26298411370788,427.3358654263513,12.617103076139212,0
stable,72,0,0.5,-72.9021512009644,14.036605697677832,260.7090990425718,16.830371965351375,0
stable,72,0,0.6,-82.30692398803879,4.660896390457829,108.98631361766498,19.655420566722576,0
stable,73,0,0.1,-81.6323036283002,5.268486682318106,117.441187894756,60.61747288893458,1
stable,73,0,0.2,-90.96336042444231,-4.069357226200121,26.35158519588474,56.743669176996164,1
stable,73,0,0.30000000000000004,-70.9911199405271,15.943915095992136,294.63192705315873,13.380339885801307,0
stable,73,0,0.4,-88.59251902088945,-1.7479534005894706,40.81257365124355,58.74262709333789,1
stable,73,0,0.5,-103.30422894416813,-16.912514836857873,1.6064661048522313,48.56931391094413,1
stable,73,0,0.6,-74.28529803330144,12.537987312447981,234.44176307527678,20.052942268329986,0
drift,74,0,0.1,-71.09509353807573,15.355750127093557,284.12328844899565,18.343565643352584,0
drift,74,0,0.2,-59.18788491492471,25.533013426035183,468.84669918105544,16.065757332933032,0
drift,74,0,0.30000000000000004,-74.91522063982484,8.362671572889859,164.3336206597724,37.87901491164555,0
drift,74,0,0.4,-64.35208392344242,21.414653205230895,393.61053548887526,15.186376835918306,0
drift,74,0,0.5,-76.86851263111654,9.739184971035247,186.79393754846583,11.402455530981968,0
drift,74,0,0.6,-84.19283507465131,2.4069055818238727,80.35968908340766,50.47343023874863,1
drift,75,0,0.1,-71.15797150262829,12.780874507382823,238.67038194638553,26.62083455871393,0
drift,75,0,0.2,-64.62117745825229,20.81397431356613,382.6705917285107,36.812199542271955,0
drift,75,0,0.30000000000000004,-64.34830357829892,21.813613029766618,400.8827402617173,28.0419845940308,0
drift,75,0,0.4,-72.98695191898572,11.253611631918815,212.3040735678742,36.26895201500445,0
drift,75,0,0.5,-80.2448207298631,5.277420763985139,117.56761619774895,56.39637131119258,1
drift,75,0,0.6,-72.80846993720691,12.479450279873001,233.42448605524865,21.391469953435234,0
stable,76,0,0.1,-64.19059924014434,22.625250181559355,415.6902929026647,14.932327762682277,0
stable,76,0,0.2,-78.72739323760607,8.237119546162203,162.32621433179597,39.209090867989005,0
stable,76,0,0.30000000000000004,-66.25681087724132,20.570066009532827,378.2318377155345,14.889196395514332,0
stable,76,0,0.4,-88.45269403058977,-1.5096420062916298,42.59418045735827,52.215813615602826,1
stable,76,0,0.5,-59.12050764971465,27.729575883116247,509.0733391073651,31.337363590848042,0
stable,76,0,0.6,-74.82669356286436,12.037389402004507,225.76650230487917,21.24503443654673,0
stable,77,0,0.1,-75.73820331660625,10.950311755643135,207.13829377310833,30.098427484631404,0
stable,77,0,0.2,-59.293240824483824,27.24782759375553,500.24724249490464,14.746091040704975,0
stable,77,0,0.30000000000000004,-54.345272920109934,32.565672663053036,597.7431854656445,19.369270267183573,0
stable,77,0,0.4,-78.3198454353604,7.3670402508730595,148.63147225940705,57.24455095712515,1
stable,77,0,0.5,-80.60265823425956,6.136730211308302,129.99619451999493,49.47808550794829,0
stable,77,0,0.6,-80.78460356770287,5.9876581937736395,127.80321397238825,23.413868447483676,0
drift,78,0,0.1,-80.55337365181902,5.629872357871838,122.60204977683617,49.941719068086606,0
drift,78,0,0.2,-67.37968003609578,18.887697216910112,347.68140301228914,12.70155243615876,0
drift,78,0,0.30000000000000004,-74.94585990640309,11.2897608945352,212.921476398625,24.06774043630802,0
drift,78,0,0.4,-81.71519337781822,4.028901180075313,100.50636145115287,24.3696196063726,0
drift,78,0,0.5,-79.24456485978365,7.367975452295918,148.64597731391387,20.112304015580886,0
drift,78,0,0.6,-62.03338041388896,23.475064814793587,431.2104820236161,11.661672212079711,0
drift,79,0,0.1,-80.34551595269046,4.575903011488298,107.8267435987197,17.180427397268815,0
drift,79,0,0.2,-77.31347805825993,4.798091321567463,110.87027871120145,56.08237951291259,1
drift,79,0,0.30000000000000004,-70.2587971400766,15.190085847881553,281.17043870439426,24.678431940386375,0
drift,79,0,0.4,-90.52329637280904,-6.350754946268421,16.610909877537246,55.44046631402749,1
drift,79,0,0.5,-67.77819418648536,17.586981328538748,324.16271890626905,24.752647925398264,0
drift,79,0,0.6,-63.70102692940752,21.549674350378233,396.07117432392204,19.792444373143077,0
stable,80,0,0.1,-97.3267068933826,-10.40473219260394,6.949657854112908,51.79792316764452,1
stable,80,0,0.2,-91.8382044755964,-4.9369779170417,22.181039133486987,59.29817722093722,1
stable,80,0,0.30000000000000004,-91.75800465275486,-4.799210981848777,22.802663697198224,47.62155675353761,0
stable,80,0,0.4,-95.56274124647352,-8.794111985749675,9.883104442940988,66.7999235822223,1
stable,80,0,0.5,-81.75533184010656,5.2089397065496765,116.60004980637774,56.44248640343219,1
stable,80,0,0.6,-87.14660775180462,-0.2358507580987489,53.1150197370812,47.61008746410153,0
stable,81,0,0.1,-107.22441208128161,-21.181560716766896,0.6049252848668716,53.183649763666125,1
stable,81,0,0.2,-86.08462375423939,0.7277498593552995,62.20788466582359,52.458993271000985,1
stable,81,0,0.30000000000000004,-89.12692047201706,-2.299180103568876,36.911315874554575,48.04091504537758,0
stable,81,0,0.4,-87.34946634380563,-0.4357962404853946,51.35105789429406,74.19256672828308,1
stable,81,0,0.5,-90.03143730245809,-3.168269509677402,31.364408645265602,72.2951867851993,1
stable,81,0,0.6,-89.96859702452633,-3.212006491954718,31.10416571294491,52.709493281606775,1
drift,82,0,0.1,-83.513385370713,2.8349970722452906,85.43870696339616,57.13787882530444,1
drift,82,0,0.2,-83.83019668712569,2.9411632928869813,86.72548637102949,77.24051627853416,1
drift,82,0,0.30000000000000004,-76.73162360050313,9.633557067576833,185.04344196089133,30.388642225900075,0
drift,82,0,0.4,-93.79392113011343,-8.026467209439732,11.660239928703168,48.75016244877008,0
drift,82,0,0.5,-84.55401605978489,1.9548734465013993,75.19148181777251,67.27158831721677,1
drift,82,0,0.6,-78.74517114338217,7.317870415506757,147.86952726382103,50.32446324866861,1
drift,83,0,0.1,-105.10987040653626,-21.613846235601557,0.5478087605333111,52.417678044621255,1
drift,83,0,0.2,-96.92464359108196,-12.574781281801815,4.2883840497102605,64.30003109048951,1
drift,83,0,0.30000000000000004,-114.63149084787244,-23.0,0.05622553286792325,51.37452781248704,1
drift,83,0,0.4,-99.14666179030965,-16.33641757789268,1.831746480499085,54.64491858397669,1
drift,83,0,0.5,-88.04625358732604,-4.773231879898294,22.92155791781358,71.20729889196234,1
drift,83,0,0.6,-100.13002252866507,-16.618391386782086,1.717827225315489,63.42733906246336,1
stable,84,0,0.1,-81.97540164356043,4.977921609023417,113.36219396942836,54.43961946177515,1
stable,84,0,0.2,-73.00594753833172,13.867956614658535,257.73354691149177,32.58928069922825,0
stable,84,0,0.30000000000000004,-100.35888298402789,-13.455032134899197,3.518702169585942,52.897618609383166,1
stable,84,0,0.4,-89.24803172905222,-2.2789713551768664,37.0489949898767,54.50785440535803,1
stable,84,0,0.5,-91.63830923610261,-4.71779638417225,23.177050036303005,68.68257400080549,1
stable,84,0,0.6,-104.8013761045904,-17.82306677171581,1.3050883167130478,51.68393266303488,1
stable,85,0,0.1,-75.07812857560165,11.844217760402096,222.4342489507247,24.842330445248592,0
stable,85,0,0.2,-108.85551307103088,-21.97254809697381,0.5045182158117881,46.96772188066058,1
stable,85,0,0.30000000000000004,-87.27205684503647,-0.3064306467559246,52.487532409216236,49.64604963355863,0
stable,85,0,0.4,-83.94201300162501,2.9507201601904365,86.84184294050841,50.366063741013754,1
stable,85,0,0.5,-96.66227292551457,-9.761775589734956,8.004610431786352,53.63326454957858,1
stable,85,0,0.6,-84.81326866947818,2.1018697354965665,76.84984574048467,49.14692461294031,0
drift,86,0,0.1,-76.15758034161138,10.332672817302536,196.7032167700201,29.343501580147272,0
drift,86,0,0.2,-90.12750123677439,-3.6225684895617274,28.74656732868773,50.361014195972366,1
drift,86,0,0.30000000000000004,-79.02197572961535,7.746835892198018,154.5611490295854,39.75573875738338,0
drift,86,0,0.4,-89.36679554094904,-4.4409243446220215,24.490086691330433,46.9826633599216,0
drift,86,0,0.5,-92.25129173382551,-5.923121490667293,18.14757120711805,54.02270230104837,1
drift,86,0,0.6,-97.34105598939794,-10.927302480737895,6.191559048302323,63.078532626603504,1
drift,87,0,0.1,-91.90763003473295,-7.087091842859653,14.237504879619053,82.0324128068021,1
drift,87,0,0.2,-79.31492333806663,5.594697189231793,122.09556156309776,58.56383387367312,1
drift,87,0,0.30000000000000004,-94.80857010665282,-9.281589506042815,8.890047015289282,58.741710303639806,1
drift,87,0,0.4,-83.80228875725057,0.3812911807908784,58.825818396949956,55.72837010866512,1
drift,87,0,0.5,-77.14737741729371,6.065747082732207,128.9501072968318,58.56426041231175,1
drift,87,0,0.6,-99.98854496820269,-14.997003082375333,2.483269725942856,56.32118072831719,1
stable,88,0,0.1,-66.0056569743743,20.970149607652665,385.51382466758616,21.95230067317133,0
stable,88,0,0.2,-73.08176619654357,13.872936878307778,257.8213515298196,38.379577502573355,0
stable,88,0,0.30000000000000004,-79.75327089103686,7.217802776774481,146.3230357530807,72.92160019924248,1
stable,88,0,0.4,-79.08887175185636,7.864809195309171,156.41854524095785,14.169448341160248,0
stable,88,0,0.5,-103.40551136390187,-16.471793872042436,1.7761505110869689,53.042291822531226,1
stable,88,0,0.6,-84.69944350421716,2.212426654027265,78.11131590961311,56.75535166421258,1
stable,89,0,0.1,-76.90731746545185,9.95843217141472,190.4403344705128,13.88750864634206,0
stable,89,0,0.2,-74.97707653605238,11.896495976312728,223.33517762494026,22.506691061859442,0
stable,89,0,0.30000000000000004,-86.39420166015661,0.17563577401038616,56.878073633794195,50.78750144454021,1
stable,89,0,0.4,-84.47038229146006,2.44238074798199,80.77382554255398,85.16222691545194,1
stable,89,0,0.5,-78.87347209803531,8.069221447383232,159.6535927563553,63.347513194863836,1
stable,89,0,0.6,-91.42389030847053,-4.756656046501351,22.997697072234313,45.96559559721833,0
drift,90,0,0.1,-71.83675695036624,14.249951792359692,264.4795332609449,18.509347902222515,0
drift,90,0,0.2,-95.87223806410377,-9.87427063412384,7.809633327234422,55.23253246988366,1
drift,90,0,0.30000000000000004,-82.86205521472327,3.7209852830648886,96.49764525888429,36.75125146642179,0
drift,90,0,0.4,-84.19151893052289,2.186497411169487,77.81436964215058,47.84615864643799,0
drift,90,0,0.5,-76.46261146717094,8.476459436756771,166.15932903103177,26.573170975266784,0
drift,90,0,0.6,-83.88540325855888,2.794538928449117,84.95115489374271,51.267085718579295,1
drift,91,0,0.1,-57.52586055744822,27.771867832999774,509.8482501558683,55.069234962935894,1
drift,91,0,0.2,-87.0534698212704,-2.6600258148006595,34.520232271642534,59.37217315039473,1
drift,91,0,0.30000000000000004,-86.5099828243942,-1.1954068367649116,45.03247101960959,51.9317594557422,1
drift,91,0,0.4,-85.78609907874527,-0.8017515740257325,48.23155276996591,51.33790447807401,1
drift,91,0,0.5,-87.04677371018207,-1.6678730651594074,41.40479122662206,68.37477270837391,1
drift,91,0,0.6,-75.40388977189507,8.479129675285375,166.2022446018431,31.500021972759292,0
stable,92,0,0.1,-87.39704072611916,-0.4491451002040136,51.23479265304332,51.459708810663436,1
stable,92,0,0.2,-88.66702726050903,-1.6995268999621502,41.16992249274973,54.47052978010125,1
stable,92,0,0.30000000000000004,-86.68159700509531,0.22333273627342926,57.3258311624802,52.02801154861047,1
stable,92,0,0.4,-66.67826470500734,20.278495633552044,372.9285619549649,24.75884217026449,0
stable,92,0,0.5,-93.30872893985632,-6.362082281695493,16.571842855903096,62.03694452273821,1
stable,92,0,0.6,-75.68143613597128,11.274982006890525,212.6690207507327,17.371262682465485,0
stable,93,0,0.1,-74.9155820226416,11.735113731476211,220.55617320526974,17.97408476798113,0
stable,93,0,0.2,-90.03237340659679,-3.182906888520037,31.277116372182906,54.99872169414031,1
stable,93,0,0.30000000000000004,-75.9529846607744,10.708921714443632,203.04600969081415,34.328450810851976,0
stable,93,0,0.4,-73.33471769270814,13.294689653356102,247.65417484369144,20.9260058505829,0
stable,93,0,0.5,-76.91900953867022,8.43973988648924,165.56951279642712,42.31470355736273,0
stable,93,0,0.6,-69.78022158704775,17.097564112563578,315.3428510307688,22.738227677195773,0
drift,94,0,0.1,-71.99628406314918,14.573949095479183,270.21823530129467,35.547464218236335,0
drift,94,0,0.2,-58.93429916549241,27.711071976607464,508.7342979200467,30.229387178617188,0
drift,94,0,0.30000000000000004,-55.58114832655875,30.987400629569343,568.7954636843848,28.388804354440694,0
drift,94,0,0.4,-86.70784080418139,-0.512132985292162,50.688716605725745,52.76891330377267,1
drift,94,0,0.5,-95.3166288768505,-8.802721632422612,9.864693831061567,55.32323419691579,1
drift,94,0,0.6,-70.91023626816937,15.147433305564736,280.410717684388,36.093337073451934,0
drift,95,0,0.1,-80.85760629684478,1.3226825461444998,68.30866431350168,59.40235775003143,1
drift,95,0,0.2,-82.26759524750096,3.740692267763494,96.75172293942576,60.4127112580884,1
drift,95,0,0.30000000000000004,-85.89198215783767,0.471708476465271,59.69627172509763,63.428647394956684,1
drift,95,0,0.4,-89.97372805252313,-5.6337542650019214,19.258030255141744,54.769172284672564,1
drift,95,0,0.5,-84.28464221851353,0.30938883066467565,58.13976275715933,46.058714172459844,0
drift,95,0,0.6,-84.5503272341388,-3.2589036226245383,30.827083431847594,50.65449953493726,1
stable,96,0,0.1,-88.6360543487551,-1.6657308218957896,41.42072334113603,68.40509011791677,1
stable,96,0,0.2,-85.4742924570877,1.4926623331774658,70.11914128602726,48.591305851999074,0
stable,96,0,0.30000000000000004,-74.32806262200629,12.652452372282866,236.43306168186615,16.41562503903926,0
stable,96,0,0.4,-84.42218601664874,2.556297865237322,82.11199323061848,53.39841532593236,1
stable,96,0,0.5,-81.79022135730825,5.159133431684902,115.89855233559967,29.013468751121202,0
stable,96,0,0.6,-77.00274850105095,9.976049139929021,190.73407383119948,27.26325979448384,0
stable,97,0,0.1,-72.36685003576501,14.447891180769052,267.98369989956433,30.05271294113021,0
stable,97,0,0.2,-84.7303517691962,2.1854778036624785,77.80270654336928,50.88778443373208,1
stable,97,0,0.30000000000000004,-76.47858370465865,10.115539784433663,193.06370866364284,26.733796652639075,0
stable,97,0,0.4,-78.06882728711619,8.765196112609223,170.8185392689027,37.835026825458655,0
stable,97,0,0.5,-58.2783870568613,28.50312342523532,523.2488604410692,23.405510637208693,0
stable,97,0,0.6,-81.8112862511902,4.6704007109064785,109.11634302414897,56.253883146746844,1
drift,98,0,0.1,-74.46241455898763,11.706348549841811,220.06151110492073,19.927190772172352,0
drift,98,0,0.2,-86.62732561277855,-0.20163260671282718,53.42112745894764,67.68994946210894,1
drift,98,0,0.30000000000000004,-69.2973763907209,17.20173702353431,317.2186443354072,18.69962257360701,0
drift,98,0,0.4,-66.8053406847278,19.8248108616439,364.6833032703144,18.923271071924322,0
drift,98,0,0.5,-69.80644329625116,16.409178026523605,302.97000989826654,42.22381358247325,0
drift,98,0,0.6,-81.7319760738767,3.8341007574845714,97.96066874716745,55.925679977522684,1
drift,99,0,0.1,-61.20471696741553,21.972326657758,403.77699688005885,22.85602557480672,0
drift,99,0,0.2,-81.76797442536481,0.3919860831017535,58.928329555653356,58.47088645634697,1
drift,99,0,0.30000000000000004,-73.50801957427105,12.420181760186122,232.39524385732128,58.757123783845955,1
drift,99,0,0.4,-84.0682710715196,-0.8693277428036306,47.670888281899295,49.410903490181184,0
drift,99,0,0.5,-75.3984799985682,8.591383385069587,168.00931343815245,44.29039952690124,0
drift,99,0,0.6,-71.43432609908896,10.427729196625034,198.301422048031,27.961991938421058,0
stable,100,0,0.1,-104.24537970453613,-17.379147648984077,1.4442804398419347,61.52653369637679,1
stable,100,0,0.2,-96.0140318287245,-9.069343199004692,9.310266772577561,79.78325655648038,1
stable,100,0,0.30000000000000004,-102.72638321596868,-15.768503889448986,2.0843268570314497,65.78769168579333,1
stable,100,0,0.4,-91.11479208440356,-4.18003770221707,25.78495269378862,95.62620401492613,1
stable,100,0,0.5,-86.50243620941478,0.3591298795729241,58.61378516706888,67.67412277692534,1
stable,100,0,0.6,-93.36942781958868,-6.418274801038767,16.379259419210047,78.92273934507986,1
stable,101,0,0.1,-100.42744074389253,-13.499195042127834,3.4838689276490626,61.114407013412354,1
stable,101,0,0.2,-86.31164654558076,0.632024346541028,61.260807951829094,54.85829144760229,1
stable,101,0,0.30000000000000004,-93.54967282747903,-6.8178639234889165,15.067029765296535,67.5615914857975,1
stable,101,0,0.4,-92.26909555731399,-5.4811739618013355,19.867438269286897,52.49358578538917,1
stable,101,0,0.5,-69.89507813164705,16.88050780415475,311.4372075519217,25.33152516484855,0
stable,101,0,0.6,-98.60798244986027,-11.850527358810343,5.042485538188672,57.3267161853075,1
drift,102,0,0.1,-98.58296950321648,-12.496517814686205,4.364268096328853,58.251610686642984,1
drift,102,0,0.2,-96.24131858047137,-9.652820019510852,8.197857904003593,58.537720150099844,1
drift,102,0,0.30000000000000004,-87.52443837942428,-2.008345539804081,38.93175618469301,63.94939661660926,1
drift,102,0,0.4,-97.68001021570556,-11.4728057948006,5.485261156179653,72.87185453093501,1
drift,102,0,0.5,-87.41417488946587,-0.86978947503558,47.66707383056513,57.717168770046584,1
drift,102,0,0.6,-106.30229251524625,-20.685363770150214,0.6778327488945027,51.30730231676093,1
drift,103,0,0.1,-99.2511614114641,-14.894179157155342,2.5418266256471584,57.308997519959135,1
drift,103,0,0.2,-102.58111899156441,-19.256811464324862,0.9402894643452101,55.36926152347789,1
drift,103,0,0.30000000000000004,-96.17632317971875,-10.861232046697065,6.2828281375317845,70.81685013903058,1
drift,103,0,0.4,-95.66077937942069,-13.0089980549653,3.890148368974629,66.9173955116788,1
drift,103,0,0.5,-84.93482954761149,-1.0432995375827232,46.24944184852651,51.57303645154773,1
drift,103,0,0.6,-93.97214878493655,-8.120351542447539,11.427920783479745,87.66154499742525,1
stable,104,0,0.1,-101.1262557122243,-14.218126969992127,2.962099384186501,71.23006844180358,1
stable,104,0,0.2,-86.72631890946722,0.2080743290775694,57.1823308045804,64.49988592180296,1
stable,104,0,0.30000000000000004,-84.4366851899968,2.5408523974523045,81.92981781480295,69.96930170677123,1
stable,104,0,0.4,-82.38181503864685,4.560619618626591,107.61885046915388,56.750365282758374,1
stable,104,0,0.5,-124.13042782484513,-23.0,0.015256285421331579,52.91282439299478,1
stable,104,0,0.6,-88.95526022200757,-2.0071823884242406,38.94000591869653,53.00593225229928,1
stable,105,0,0.1,-88.74156562384165,-2.0794085058631007,38.430305289032894,70.19538177800356,1
stable,105,0,0.2,-96.94738330512072,-10.12189595797323,7.396259597596709,66.50063044193283,1
stable,105,0,0.30000000000000004,-83.39475265518656,3.0120319047006543,87.59037128880601,94.61097084278737,1
stable,105,0,0.4,-116.99536146755156,-23.0,0.07144012823884323,60.14543576956513,1
stable,105,0,0.5,-91.86066198777242,-4.912578835012995,22.290049596472965,53.146845514213354,1
stable,105,0,0.6,-95.95636418822471,-9.17871722580691,9.09143310524265,90.40402783782763,1
drift,106,0,0.1,-78.01102348712855,8.615919351692611,168.4050561956932,47.02810806498762,0
drift,106,0,0.2,-96.20647685735297,-10.246999089385348,7.1954384908236095,93.50854645251813,1
drift,106,0,0.30000000000000004,-80.8018002179877,5.022876411360392,113.98906312072216,55.52277626556815,1
drift,106,0,0.4,-97.49188808937497,-10.86847109647316,6.272765441643162,100.0,1
drift,106,0,0.5,-78.93007784940795,7.264755590344619,147.04796518952972,32.01136739104001,0
drift,106,0,0.6,-115.20616604607822,-23.0,0.10431745085186214,86.76830414382468,1
drift,107,0,0.1,-84.12507240835235,-2.3724835899926755,36.41528561517942,68.47327168526398,1
drift,107,0,0.2,-97.80284113922364,-12.837592341259647,4.0428469201992865,61.568460980628814,1
drift,107,0,0.30000000000000004,-113.81690353351415,-23.0,0.1026376313229958,66.57270546534826,1
drift,107,0,0.4,-81.08223551809542,2.988902362227186,87.30757726470243,82.8059866250536,1
drift,107,0,0.5,-85.8310832659532,-2.192029804343654,37.645917841561506,65.46359319651191,1
drift,107,0,0.6,-91.14288921982748,-7.147948977517328,14.055866710182803,53.493431895838036,1
stable,108,0,0.1,-76.71599780529264,10.09415026363558,192.70604601057065,17.893536709707806,0
stable,108,0,0.2,-89.83670109695832,-2.866292914378847,33.20997000754783,56.65464886722177,1
stable,108,0,0.30000000000000004,-82.86738309821328,4.08653722026687,101.26583304041732,89.25717511191876,1
stable,108,0,0.4,-85.69736853535987,1.2040950955747147,67.063227009044,53.71827615941116,1
stable,108,0,0.5,-79.43823675742915,7.544817219975396,151.3974245498077,59.156460784072905,1
stable,108,0,0.6,-101.00453897754554,-14.112970492051964,3.033332376448648,74.20799512349157,1
stable,109,0,0.1,-106.52006198220072,-19.711020315477093,0.8474111651649238,67.63160865970188,1
stable,109,0,0.2,-92.31871471756207,-5.362556750770012,20.35286781578456,65.38776435526137,1
stable,109,0,0.30000000000000004,-94.36173723176171,-7.402654211828624,13.318444263704553,53.58261811595805,1
stable,109,0,0.4,-90.49454135614803,-3.576901063246294,29.001272427520092,52.32256213840621,1
stable,109,0,0.5,-83.12627859150304,3.3039950228082677,91.20295679819887,62.08033773138839,1
stable,109,0,0.6,-86.84981488810398,-0.0316778863591962,54.95982763960563,64.30331100833176,1
drift,110,0,0.1,-84.21971724647892,2.2566095461305404,78.6188403321317,74.5251571099056,1
drift,110,0,0.2,-75.28771577244913,10.3936380638671,197.72790244407963,47.39773491895356,0
drift,110,0,0.30000000000000004,-99.7417834620821,-14.785868498541115,2.604977790879935,62.2394964808381,1
drift,110,0,0.4,-97.95727765166767,-11.500297039680065,5.451805684635141,72.62327989443396,1
drift,110,0,0.5,-100.99406413180174,-18.204833116282256,1.1960821368132277,79.64337202153709,1
drift,110,0,0.6,-90.5948927296149,-5.841567343400573,18.454633545480664,54.64023715146469,1
drift,111,0,0.1,-80.8167882687444,2.8205749631646366,85.26473046359835,54.57181913579242,1
drift,111,0,0.2,-90.82704393607054,-6.1626197723539144,17.271985124458222,65.03753029317056,1
drift,111,0,0.30000000000000004,-88.95030854618464,-4.108565854129427,26.14966365286308,65.91652264866941,1
drift,111,0,0.4,-78.12129341327629,8.071108138909938,159.68354881071986,35.3885089837734,0
drift,111,0,0.5,-100.96988789974395,-19.94548875371686,0.8030974888986114,55.18222632942621,1
drift,111,0,0.6,-102.18878942982963,-18.674418534470693,1.0743231942158615,60.69627354680511,1
stable,112,0,0.1,-80.64615046506015,6.299898857197287,132.41348654737908,36.12936765395949,0
stable,112,0,0.2,-80.45376153693158,6.495075653779435,135.32767098413555,53.58578046257018,1
stable,112,0,0.30000000000000004,-85.78218952742175,1.1601462607769601,66.60536343586894,52.05516782090065,1
stable,112,0,0.4,-82.33746118090149,4.6226990215642445,108.46446403162464,60.1193657714736,1
stable,112,0,0.5,-81.22758165535434,5.752278226140238,124.37142289608703,100.0,1
stable,112,0,0.6,-84.25569765491137,2.6743955428985777,83.51255766447163,53.07185059394446,1
stable,113,0,0.1,-81.85200583340561,5.048566353347651,114.34799335796434,100.0,1
stable,113,0,0.2,-85.20711479852167,1.61891895040606,71.48311280696636,91.29278998117039,1
stable,113,0,0.30000000000000004,-96.15325632549028,-9.234947207557811,8.980827582480146,91.51605952471093,1
stable,113,0,0.4,-91.48442168172795,-4.666333866168326,23.41642403744159,50.68679989661611,1
stable,113,0,0.5,-97.95932447861964,-11.163242525350396,5.875931327734019,73.7382902992913,1
stable,113,0,0.6,-79.25926855758195,7.484804155605347,150.46178324784955,19.52204575847474,0
drift,114,0,0.1,-97.4814440312297,-10.939371605216406,6.175025159871799,73.37855300282973,1
drift,114,0,0.2,-112.10119287004852,-23.0,0.2010019419909701,69.1010475815075,1
drift,114,0,0.30000000000000004,-103.10396963921502,-17.27435343949694,1.47922912918243,55.113649056182076,1
drift,114,0,0.4,-70.57806253460814,15.911332872353006,294.0488174606588,29.869293200903833,0
drift,114,0,0.5,-97.87233957783496,-11.795735159137092,5.10449929357885,72.61123387662042,1
drift,114,0,0.6,-83.61642292623412,2.984330978588275,87.25174464064429,55.37285137415063,1
drift,115,0,0.1,-75.20209773834561,10.573745305453041,200.76207377390043,27.91073804851247,0
drift,115,0,0.2,-69.77133404064124,14.933087675859298,276.59621589842175,39.259317970905315,0
drift,115,0,0.30000000000000004,-80.94410102380931,2.8484166528481065,85.60076753832696,62.412173048886324,1
drift,115,0,0.4,-80.80726342530089,3.487869985426577,93.51836646150458,55.983006909403144,1
drift,115,0,0.5,-70.49285903863779,14.905597714447058,276.1074215046726,22.442369840384618,0
drift,115,0,0.6,-84.51693684145182,-2.4414579709917135,35.953365729468835,54.115484910379024,1
stable,116,0,0.1,-87.25344870498711,-0.4266300432943836,51.43100193267216,70.98052233533068,1
stable,116,0,0.2,-75.13867599313514,11.80105593304841,221.6909273899017,28.610114156763164,0
stable,116,0,0.30000000000000004,-76.24062151976945,10.649560010863855,202.0423414905001,19.277628906827694,0
stable,116,0,0.4,-83.33386338916577,3.520097435064666,93.92734238186782,22.93322450881275,0
stable,116,0,0.5,-94.35412932041231,-7.3666924046561455,13.420363136693132,56.311507476443,1
stable,116,0,0.6,-76.65691383154544,10.286910138615639,195.9348512830479,22.75669535569943,0
stable,117,0,0.1,-79.05542482485986,7.7629646628409175,154.81465943304767,42.24286057604138,0
stable,117,0,0.2,-98.15030812349889,-11.314261928184342,5.682104096018152,51.270970671270256,1
stable,117,0,0.30000000000000004,-91.22669579153622,-4.362013392504487,24.875772225700796,54.8689673621931,1
stable,117,0,0.4,-102.68362791320925,-15.82093601198146,2.059634565895028,78.70834325422398,1
stable,117,0,0.5,-79.30366449717596,7.382824130998142,148.87634638506373,45.973292947033286,0
stable,117,0,0.6,-73.22225943404568,13.149506754031426,245.11066558601442,52.395554055956374,1
drift,118,0,0.1,-82.38905357230256,3.7457088590960446,96.81645546367659,19.255026471312746,0
drift,118,0,0.2,-77.70980747858171,7.634646807527198,152.80153799995688,27.230792228717046,0
drift,118,0,0.30000000000000004,-86.95827535535477,-1.702755491584365,41.14602391691756,100.0,1
drift,118,0,0.4,-72.72176264765949,13.60808736128579,253.15752557857428,27.81291418932979,0
drift,118,0,0.5,-102.64471496194373,-16.995969405067765,1.5761910647383846,83.49570620934904,1
drift,118,0,0.6,-86.69790063128772,-0.4902738743626368,50.87775160761309,51.952144359038165,1
drift,119,0,0.1,-97.482305204252,-14.556809307611394,2.7436583502313296,63.450010880520296,1
drift,119,0,0.2,-87.92988074293126,-5.117331967431484,21.389513261481234,69.26676643974216,1
drift,119,0,0.30000000000000004,-86.3137797194635,-2.4096665466865437,36.16569336434461,55.30575720126586,1
drift,119,0,0.4,-88.29542869940374,-4.374123471399011,24.816248635865364,82.43959473834903,1
drift,119,0,0.5,-86.74221929891704,-2.7393865725009863,34.01129323574998,80.85509029186197,1
drift,119,0,0.6,-80.49673565439231,4.145808923112953,102.04981398747975,60.67739894673014,1
